type,region,year_for_seasonal_metrics,season,mean_log_plus_constant_biomass,mean_lat,mean_lon,log_plus_constant_biomass_z,mean_biomass_untransformed,mean_biomass_untransformed_z,,,,,,,,,,,,,
crab,NWA,2014,Fall,-5.201842872,48.58214313529041,-122.8084777,-0.636186813,0.005406407,-0.492133705,,,,,,,,,,,,,
crab,NWA,2014,Spring,-1.96621344,48.58214313529041,-122.8084777,-0.968432933,0.13988591900743458,-0.875440608,,,,,,,,,,,,,
crab,NWA,2014,Summer,-1.861936581,48.58214313529041,-122.8084777,-0.481850484,0.15527144945450663,-0.561357526,,,,,,,,,,,,,
crab,NWA,2015,Fall,-2.426749688,48.58214313529041,-122.8084777,2.078075695407815,0.088223445,2.7747707294892408,,,,,,,,,,,,,
crab,NWA,2015,Spring,-0.201777463,48.58214313529041,-122.8084777,1.5057431232738208,0.8171767816721263,1.994221806893217,,,,,,,,,,,,,
crab,NWA,2015,Summer,-1.648287386,48.58214313529041,-122.8084777,0.007446383,0.19227909786596728,-0.176624046,,,,,,,,,,,,,
crab,NWA,2016,Fall,-5.039209106,48.58214313529041,-122.8084777,-0.477118016,0.00637887,-0.453772716,,,,,,,,,,,,,
crab,NWA,2016,Spring,-0.872388155,48.58214313529041,-122.8084777,0.565380912,0.41785222183501336,0.3022948312914494,,,,,,,,,,,,,
crab,NWA,2016,Summer,-1.190916141,48.58214313529041,-122.8084777,1.0549126118952818,0.3038426819944189,0.9831969017831012,,,,,,,,,,,,,
crab,NWA,2017,Fall,-3.830154422,48.58214313529041,-122.8084777,0.7054339128100608,0.021606263,0.1469060717326964,,,,,,,,,,,,,
crab,NWA,2017,Spring,-0.40556046,48.58214313529041,-122.8084777,1.2199889117768823,0.6665031016670887,1.3558216448353189,,,,,,,,,,,,,
crab,NWA,2017,Summer,-0.892460738,48.58214313529041,-122.8084777,1.7384316557498678,0.40954647865638133,2.082099188127117,,,,,,,,,,,,,
crab,NWA,2018,Fall,-4.368694278,48.58214313529041,-122.8084777,0.17869897286672318,0.012567770354262217,-0.209637629,,,,,,,,,,,,,
crab,NWA,2018,Spring,-1.085669485,48.58214313529041,-122.8084777,0.2663076865046741,0.3375756415796026,-0.037834791,,,,,,,,,,,,,
crab,NWA,2018,Summer,-1.6760362,48.58214313529041,-122.8084777,-0.056103624,0.1870141912881616,-0.231358295,,,,,,,,,,,,,
crab,NWA,2018,Winter,-4.624554225,48.58214313529041,-122.8084777,0.7998200978506281,0.009708026,0.20097864448287053,,,,,,,,,,,,,
crab,NWA,2019,Fall,-6.342925064,48.58214313529041,-122.8084777,-1.752256224,0.001659149,-0.639952745,,,,,,,,,,,,,
crab,NWA,2019,Spring,-1.135450968,48.58214313529041,-122.8084777,0.19650172210909528,0.3211772028532648,-0.107314516,,,,,,,,,,,,,
crab,NWA,2019,Summer,-2.227300947,48.58214313529041,-122.8084777,-1.318603647,0.10771904706848712,-1.055714827,,,,,,,,,,,,,
crab,NWA,2019,Winter,-5.930610361,48.58214313529041,-122.8084777,0.038381611382622444,0.00255686,-0.42241653,,,,,,,,,,,,,
crab,NWA,2020,Fall,-4.373058471,48.58214313529041,-122.8084777,0.17443044409450906,0.012512606,-0.211813702,,,,,,,,,,,,,
crab,NWA,2020,Spring,-1.122297976,48.58214313529041,-122.8084777,0.21494547379932014,0.32543087239869606,-0.089291838,,,,,,,,,,,,,
crab,NWA,2020,Summer,-2.245519263,48.58214313529041,-122.8084777,-1.360327019,0.10577255038692436,-1.07595071,,,,,,,,,,,,,
crab,NWA,2020,Winter,-3.43441422,48.58214313529041,-122.8084777,1.4936787912218863,0.032144293,2.156835848963454,,,,,,,,,,,,,
crab,NWA,2021,Fall,-4.26312438,48.58214313529041,-122.8084777,0.28195475501023093,0.013978247826722015,-0.153998171,,,,,,,,,,,,,
crab,NWA,2021,Spring,-1.537029944,48.58214313529041,-122.8084777,-0.36661142,0.21491877185773883,-0.557528512,,,,,,,,,,,,,
crab,NWA,2021,Summer,-1.237785372,48.58214313529041,-122.8084777,0.9475732537542364,0.2899258066259745,0.8385163260223675,,,,,,,,,,,,,
crab,NWA,2021,Winter,-5.06574309,48.58214313529041,-122.8084777,0.5426043682744535,0.006209221,-0.104025922,,,,,,,,,,,,,
crab,NWA,2022,Fall,-5.14624611,48.58214313529041,-122.8084777,-0.581808745,0.005721216,-0.479715375,,,,,,,,,,,,,
crab,NWA,2022,Spring,-1.973840625,48.58214313529041,-122.8084777,-0.979128135,0.13882228189771484,-0.879947209,,,,,,,,,,,,,
crab,NWA,2022,Summer,-1.756455326,48.58214313529041,-122.8084777,-0.240278559,0.17255578885624745,-0.381668615,,,,,,,,,,,,,
crab,NWA,2022,Winter,-7.976213529,48.58214313529041,-122.8084777,-1.154217188,2.4353775880199053e-4,-0.624077875,,,,,,,,,,,,,
crab,NWA,2023,Fall,-4.52197723,48.58214313529041,-122.8084777,0.028776018649292724,0.010767514836078063,-0.280652759,,,,,,,,,,,,,
crab,NWA,2023,Spring,-2.455615186,48.58214313529041,-122.8084777,-1.654695342,0.08571039,-1.104980808,,,,,,,,,,,,,
crab,NWA,2023,Summer,-1.778690185,48.58214313529041,-122.8084777,-0.291200571,0.16875917668762894,-0.421138397,,,,,,,,,,,,,
crab,NWA,2023,Winter,-7.294190705,48.58214313529041,-122.8084777,-0.756593831,5.794746000946694e-4,-0.594792945,,,,,,,,,,,,,
crab,NWA,2024,Winter,-7.649384374,48.58214313529041,-122.8084777,-0.96367385,3.763372841952268e-4,-0.612501221,,,,,,,,,,,,,
crab,PS,2014,Fall,-5.020875995,47.723101100139935,-122.5354037,0.7498547399567527,0.006498744,0.6498926148074363,,,,,,,,,,,,,
crab,PS,2014,Spring,-0.740465456,47.723101100139935,-122.5354037,0.96132956,0.47679189155460094,1.5170689727411595,,,,,,,,,,,,,
crab,PS,2014,Summer,-1.09885738,47.723101100139935,-122.5354037,0.6971547812376856,0.33315164608791237,0.634804861,,,,,,,,,,,,,
crab,PS,2015,Fall,-5.266187095,47.723101100139935,-122.5354037,0.27824891563607845,0.00506326,0.062729109,,,,,,,,,,,,,
crab,PS,2015,Spring,-0.832898229,47.723101100139935,-122.5354037,0.8185233611198003,0.43468734535477027,1.1711452172501102,,,,,,,,,,,,,
crab,PS,2015,Summer,-1.056173713,47.723101100139935,-122.5354037,0.7843746881657943,0.3476839890965581,0.7633297454519893,,,,,,,,,,,,,
crab,PS,2015,Winter,-5.226189482,47.723101100139935,-122.5354037,0.8535530049296208,0.005273964,0.9016143541666998,,,,,,,,,,,,,
crab,PS,2016,Fall,-4.944812015,47.723101100139935,-122.5354037,0.8960862647901761,0.007020253,0.8632083555355774,,,,,,,,,,,,,
crab,PS,2016,Spring,-1.457141026,47.723101100139935,-122.5354037,-0.145915318,0.23280118226732915,-0.487516994,,,,,,,,,,,,,
crab,PS,2016,Summer,-1.598047346,47.723101100139935,-122.5354037,-0.322891172,0.20219113724613422,-0.523417475,,,,,,,,,,,,,
crab,PS,2016,Winter,-6.242805697,47.723101100139935,-122.5354037,-0.673201319,0.001844392,-0.854826341,,,,,,,,,,,,,
crab,PS,2017,Fall,-5.211801777,47.723101100139935,-122.5354037,0.38280363395413036,0.005351842,0.18076922888317287,,,,,,,,,,,,,
crab,PS,2017,Spring,-1.290659629,47.723101100139935,-122.5354037,0.11129405412644029,0.27498926625762227,-0.140906907,,,,,,,,,,,,,
crab,PS,2017,Summer,-0.799911738,47.723101100139935,-122.5354037,1.3080210123739981,0.44926862452112915,1.6617501531434473,,,,,,,,,,,,,
crab,PS,2017,Winter,-4.998842517,47.723101100139935,-122.5354037,1.1949826962114563,0.006645751,1.6041691576672539,,,,,,,,,,,,,
crab,PS,2018,Fall,-4.611258417,47.723101100139935,-122.5354037,1.5373365786639634,0.009839303,2.0162992395203854,,,,,,,,,,,,,
crab,PS,2018,Spring,-1.362855788,47.723101100139935,-122.5354037,-2.47E-04,0.2558288538800177,-0.29832558,,,,,,,,,,,,,
crab,PS,2018,Summer,-2.107178014,47.723101100139935,-122.5354037,-1.363249981,0.12148058147197573,-1.237226312,,,,,,,,,,,,,
crab,PS,2018,Winter,-5.216443984,47.723101100139935,-122.5354037,0.868188794,0.005326592,0.9285675530739133,,,,,,,,,,,,,
crab,PS,2019,Fall,-6.267019337,47.723101100139935,-122.5354037,-1.645831631,0.001797877,-1.272927907,,,,,,,,,,,,,
crab,PS,2019,Spring,-0.919040169,47.723101100139935,-122.5354037,0.6854363325804274,0.39880173573198147,0.8763151817977686,,,,,,,,,,,,,
crab,PS,2019,Summer,-2.238466934,47.723101100139935,-122.5354037,-1.63152607,0.10652183743134748,-1.369522311,,,,,,,,,,,,,
crab,PS,2019,Winter,-5.652126922,47.723101100139935,-122.5354037,0.21388011832442894,0.003410043,-0.052984843,,,,,,,,,,,,,
crab,PS,2020,Fall,-5.378192452,47.723101100139935,-122.5354037,0.062920793,0.004516158,-0.16105485,,,,,,,,,,,,,
crab,PS,2020,Spring,-3.06049356,47.723101100139935,-122.5354037,-2.623052752,0.046764559,-2.015962095,,,,,,,,,,,,,
crab,PS,2020,Summer,-1.853551398,47.723101100139935,-122.5354037,-0.844988755,0.15657974498215432,-0.926807274,,,,,,,,,,,,,
crab,PS,2020,Winter,-6.738795588,47.723101100139935,-122.5354037,-1.418078982,0.001084072,-1.244221094,,,,,,,,,,,,,
crab,PS,2021,Fall,-5.522390761,47.723101100139935,-122.5354037,-0.214297656,0.003896282,-0.41460602,,,,,,,,,,,,,
crab,PS,2021,Spring,-1.363024249,47.723101100139935,-122.5354037,-5.07E-04,0.25578574349865296,-0.298679768,,,,,,,,,,,,,
crab,PS,2021,Summer,-1.362738979,47.723101100139935,-122.5354037,0.15793850030931608,0.25585875036966577,-0.048777992,,,,,,,,,,,,,
crab,PS,2021,Winter,-5.392478423,47.723101100139935,-122.5354037,0.6038202571635224,0.004450681,0.4799733558030516,,,,,,,,,,,,,
crab,PS,2022,Fall,-6.105084331,47.723101100139935,-122.5354037,-1.334514728,0.002131493,-1.136467143,,,,,,,,,,,,,
crab,PS,2022,Spring,-1.273870749,47.723101100139935,-122.5354037,0.13723243155075776,0.2796466940448838,-0.102642276,,,,,,,,,,,,,
crab,PS,2022,Summer,-1.244148176,47.723101100139935,-122.5354037,0.40026722613818905,0.2880862875202549,0.2362442159930218,,,,,,,,,,,,,
crab,PS,2022,Winter,-5.520596815,47.723101100139935,-122.5354037,0.4114120456128852,0.003903458,0.19971541809864618,,,,,,,,,,,,,
crab,PS,2023,Fall,-5.781591951,47.723101100139935,-122.5354037,-0.71260691,0.002983802,-0.787842627,,,,,,,,,,,,,
crab,PS,2023,Spring,-1.326509585,47.723101100139935,-122.5354037,0.055906816,0.2653020095386907,-0.220495752,,,,,,,,,,,,,
crab,PS,2023,Summer,-1.041235352,47.723101100139935,-122.5354037,0.8148997698359597,0.3529183105521251,0.8096223880001866,,,,,,,,,,,,,
crab,PS,2023,Winter,-6.023206599,47.723101100139935,-122.5354037,-0.343407374,0.002321891,-0.610277421,,,,,,,,,,,,,
crab,PS,2024,Winter,-6.933941573,47.723101100139935,-122.5354037,-1.71114924,8.741535933743479e-4,-1.351730139,,,,,,,,,,,,,
gel,NWA,2014,Fall,-1.692192951,48.58214313529041,-122.8084777,1.5212340764762557,0.18401532504333828,2.234887152876114,,,,,,,,,,,,,
gel,NWA,2014,Spring,-1.873461313,48.58214313529041,-122.8084777,1.9765274973972184,0.1534911137056254,2.578003310358064,,,,,,,,,,,,,
gel,NWA,2014,Summer,-1.9056336,48.58214313529041,-122.8084777,1.6839233226766184,0.14862837847073448,2.088163962776724,,,,,,,,,,,,,
gel,NWA,2015,Fall,-2.873827119,48.58214313529041,-122.8084777,0.45021195429400573,0.056382347758348814,0.002166461,,,,,,,,,,,,,
gel,NWA,2015,Spring,-3.946454753,48.58214313529041,-122.8084777,0.037711323,0.019223086,-0.305474122,,,,,,,,,,,,,
gel,NWA,2015,Summer,-3.407026719,48.58214313529041,-122.8084777,-0.379661804,0.033039587,-0.517511431,,,,,,,,,,,,,
gel,NWA,2016,Fall,-4.181093299,48.58214313529041,-122.8084777,-0.734681845,0.015181790869538156,-0.718566831,,,,,,,,,,,,,
gel,NWA,2016,Spring,-2.600253383,48.58214313529041,-122.8084777,1.2967780135276614,0.074154761,0.8742128695804436,,,,,,,,,,,,,
gel,NWA,2016,Summer,-2.603346664,48.58214313529041,-122.8084777,0.7249537604403735,0.073925425,0.40416289440220826,,,,,,,,,,,,,
gel,NWA,2017,Fall,-3.575801942,48.58214313529041,-122.8084777,-0.186051439,0.027892968022590642,-0.496206522,,,,,,,,,,,,,
gel,NWA,2017,Spring,-4.8359203,48.58214313529041,-122.8084777,-0.794182382,0.007839378,-0.5499453,,,,,,,,,,,,,
gel,NWA,2017,Summer,-3.152656676,48.58214313529041,-122.8084777,-0.030043686,0.042638434,-0.301128184,,,,,,,,,,,,,
gel,NWA,2018,Fall,-2.167251565,48.58214313529041,-122.8084777,1.090645406301336,0.11439185829848404,1.0169436545372648,,,,,,,,,,,,,
gel,NWA,2018,Spring,-3.942882626,48.58214313529041,-122.8084777,0.041052238,0.019292233537311045,-0.303989133,,,,,,,,,,,,,
gel,NWA,2018,Summer,-3.809260538,48.58214313529041,-122.8084777,-0.932510832,0.022064562752801265,-0.764917353,,,,,,,,,,,,,
gel,NWA,2018,Winter,-6.033612644,48.58214313529041,-122.8084777,0.7906820759640132,0.002296819,0.9464892386416572,,,,,,,,,,,,,
gel,NWA,2019,Fall,-5.264625692,48.58214313529041,-122.8084777,-1.71678544,0.005071328,-0.895432085,,,,,,,,,,,,,
gel,NWA,2019,Spring,-4.051538996,48.58214313529041,-122.8084777,-0.060571203,0.017295582,-0.346868282,,,,,,,,,,,,,
gel,NWA,2019,Summer,-3.995918843,48.58214313529041,-122.8084777,-1.189062763,0.018290540618019446,-0.849993739,,,,,,,,,,,,,
gel,NWA,2019,Winter,-8.693297487,48.58214313529041,-122.8084777,-1.792791573,6.77061046763579e-5,-1.350375653,,,,,,,,,,,,,
gel,NWA,2020,Fall,-2.425744846,48.58214313529041,-122.8084777,0.8563495222216974,0.088312241,0.5607253452710732,,,,,,,,,,,,,
gel,NWA,2020,Spring,-4.299200621,48.58214313529041,-122.8084777,-0.292202599,0.013479409775629008,-0.42882262,,,,,,,,,,,,,
gel,NWA,2020,Summer,-2.915628588,48.58214313529041,-122.8084777,0.2957388361556741,0.054069969730426715,-0.043431294,,,,,,,,,,,,,
gel,NWA,2020,Winter,-7.085871287,48.58214313529041,-122.8084777,-0.231424917,7.368453371083568e-4,-0.660898644,,,,,,,,,,,,,
gel,NWA,2021,Fall,-4.116699786,48.58214313529041,-122.8084777,-0.67631617,0.016198213370252238,-0.700786258,,,,,,,,,,,,,
gel,NWA,2021,Spring,-4.361944093,48.58214313529041,-122.8084777,-0.350884917,0.012653569,-0.446557982,,,,,,,,,,,,,
gel,NWA,2021,Summer,-2.151849551,48.58214313529041,-122.8084777,1.3455125704598785,0.11616891349002471,1.3564422416459936,,,,,,,,,,,,,
gel,NWA,2021,Winter,-6.307696609,48.58214313529041,-122.8084777,0.5244517729271704,0.001722226,0.3544313149028222,,,,,,,,,,,,,
gel,NWA,2022,Fall,-3.21163979,48.58214313529041,-122.8084777,0.14402171897778981,0.040190491,-0.281082384,,,,,,,,,,,,,
gel,NWA,2022,Spring,-4.28240166,48.58214313529041,-122.8084777,-0.276490973,0.013709456608676805,-0.423882242,,,,,,,,,,,,,
gel,NWA,2022,Summer,-3.888493844,48.58214313529041,-122.8084777,-1.041412805,0.020376163114538905,-0.802978322,,,,,,,,,,,,,
gel,NWA,2022,Winter,-7.685141791,48.58214313529041,-122.8084777,-0.813523791,3.596056170001098e-4,-1.049604165,,,,,,,,,,,,,
gel,NWA,2023,Fall,-4.196479534,48.58214313529041,-122.8084777,-0.748627784,0.014948461275743476,-0.722648534,,,,,,,,,,,,,
gel,NWA,2023,Spring,-5.673701418,48.58214313529041,-122.8084777,-1.577736999,0.003335127,-0.646676499,,,,,,,,,,,,,
gel,NWA,2023,Summer,-3.478164276,48.58214313529041,-122.8084777,-0.477436599,0.030764016884029306,-0.568808774,,,,,,,,,,,,,
gel,NWA,2023,Winter,-6.140647175,48.58214313529041,-122.8084777,0.6867145357814212,0.002053529,0.69580469,,,,,,,,,,,,,
gel,NWA,2024,Winter,-5.987069156,48.58214313529041,-122.8084777,0.8358918966369167,0.002411013,1.064153218540158,,,,,,,,,,,,,
gel,PS,2014,Fall,-2.064815568,47.723101100139935,-122.5354037,1.0826812483959405,0.12674168207167744,1.1749856381747301,,,,,,,,,,,,,
gel,PS,2014,Spring,-2.206419769,47.723101100139935,-122.5354037,2.175355257300075,0.10999410609634963,2.724926650082711,,,,,,,,,,,,,
gel,PS,2014,Summer,-0.659063309,47.723101100139935,-122.5354037,2.202025106474872,0.5172356910467589,2.7749379202999243,,,,,,,,,,,,,
gel,PS,2015,Fall,-2.251390863,47.723101100139935,-122.5354037,0.7685511146034572,0.10515273058731174,0.6616358443420818,,,,,,,,,,,,,
gel,PS,2015,Spring,-3.279878349,47.723101100139935,-122.5354037,0.770157573,0.037532835,0.305671475,,,,,,,,,,,,,
gel,PS,2015,Summer,-2.114378021,47.723101100139935,-122.5354037,0.6757985819290617,0.12060834424334475,0.1041871896826293,,,,,,,,,,,,,
gel,PS,2015,Winter,-4.828585557,47.723101100139935,-122.5354037,0.42477034608667547,0.007897826,0.1180859753174877,,,,,,,,,,,,,
gel,PS,2016,Fall,-3.352245562,47.723101100139935,-122.5354037,-1.084918468,0.034905658,-1.00872411,,,,,,,,,,,,,
gel,PS,2016,Spring,-4.031332756,47.723101100139935,-122.5354037,-0.213524529,0.017650656883529132,-0.358132242,,,,,,,,,,,,,
gel,PS,2016,Summer,-2.273880879,47.723101100139935,-122.5354037,0.5085237720462982,0.10281201505388424,-0.015647107,,,,,,,,,,,,,
gel,PS,2016,Winter,-5.23741379,47.723101100139935,-122.5354037,-0.173767738,0.005213982,-0.3885401,,,,,,,,,,,,,
gel,PS,2017,Fall,-2.877639732,47.723101100139935,-122.5354037,-0.28584165,0.056167412,-0.503154535,,,,,,,,,,,,,
gel,PS,2017,Spring,-4.958144415,47.723101100139935,-122.5354037,-1.426755875,0.006925953,-0.716196555,,,,,,,,,,,,,
gel,PS,2017,Summer,-3.535443482,47.723101100139935,-122.5354037,-0.814509859,0.029045828478137362,-0.512362975,,,,,,,,,,,,,
gel,PS,2017,Winter,-5.457401519,47.723101100139935,-122.5354037,-0.495837065,0.004164623,-0.586626442,,,,,,,,,,,,,
gel,PS,2018,Fall,-2.965483912,47.723101100139935,-122.5354037,-0.433741746,0.051435525,-0.615671053,,,,,,,,,,,,,
gel,PS,2018,Spring,-3.703684757,47.723101100139935,-122.5354037,0.21537903314511372,0.024532593910043383,-0.128365893,,,,,,,,,,,,,
gel,PS,2018,Summer,-2.633659799,47.723101100139935,-122.5354037,0.13121422708832314,0.071715152,-0.225042579,,,,,,,,,,,,,
gel,PS,2018,Winter,-4.586503322,47.723101100139935,-122.5354037,0.7791867615478897,0.010088421794250782,0.5316022786942549,,,,,,,,,,,,,
gel,PS,2019,Fall,-3.426728832,47.723101100139935,-122.5354037,-1.210323279,0.032393057,-1.068469635,,,,,,,,,,,,,
gel,PS,2019,Spring,-3.829985643,47.723101100139935,-122.5354037,0.05004642,0.021609927315716822,-0.225944588,,,,,,,,,,,,,
gel,PS,2019,Summer,-3.526644662,47.723101100139935,-122.5354037,-0.805282307,0.029303408917375484,-0.510628518,,,,,,,,,,,,,
gel,PS,2019,Winter,-5.653182775,47.723101100139935,-122.5354037,-0.782467312,0.003406339,-0.729766803,,,,,,,,,,,,,
gel,PS,2020,Fall,-2.234614953,47.723101100139935,-122.5354037,0.7967961132117521,0.10693333482258541,0.7039756873741637,,,,,,,,,,,,,
gel,PS,2020,Spring,-4.733946933,47.723101100139935,-122.5354037,-1.133272932,0.008691702,-0.657243712,,,,,,,,,,,,,
gel,PS,2020,Summer,-4.076021244,47.723101100139935,-122.5354037,-1.381427868,0.016874870343736983,-0.594317978,,,,,,,,,,,,,
gel,PS,2020,Winter,-6.33836072,47.723101100139935,-122.5354037,-1.785590533,0.001667197,-1.058062702,,,,,,,,,,,,,
gel,PS,2021,Fall,-3.507588317,47.723101100139935,-122.5354037,-1.346463495,0.029869103,-1.128485115,,,,,,,,,,,,,
gel,PS,2021,Spring,-3.762063625,47.723101100139935,-122.5354037,0.13895889794450914,0.023135741006980258,-0.175002442,,,,,,,,,,,,,
gel,PS,2021,Summer,-2.685698158,47.723101100139935,-122.5354037,0.076640242,0.068073581,-0.249563648,,,,,,,,,,,,,
gel,PS,2021,Winter,-5.347091182,47.723101100139935,-122.5354037,-0.334339075,0.004661983,-0.492740419,,,,,,,,,,,,,
gel,PS,2022,Fall,-1.930195916,47.723101100139935,-122.5354037,1.3093355296674427,0.14501976444421005,1.609608404564789,,,,,,,,,,,,,
gel,PS,2022,Spring,-4.236157416,47.723101100139935,-122.5354037,-0.481647718,0.014363060727879289,-0.467894793,,,,,,,,,,,,,
gel,PS,2022,Summer,-3.128447345,47.723101100139935,-122.5354037,-0.387682387,0.043685728628839696,-0.413782974,,,,,,,,,,,,,
gel,PS,2022,Winter,-5.328390318,47.723101100139935,-122.5354037,-0.30696039,0.004751874,-0.475771781,,,,,,,,,,,,,
gel,PS,2023,Fall,-2.467958095,47.723101100139935,-122.5354037,0.4039246316191047,0.08465775,0.17429887380474035,,,,,,,,,,,,,
gel,PS,2023,Spring,-3.940557366,47.723101100139935,-122.5354037,-0.094696127,0.019337377989849473,-0.301817901,,,,,,,,,,,,,
gel,PS,2023,Summer,-2.954538373,47.723101100139935,-122.5354037,-0.205299509,0.052002707,-0.357779332,,,,,,,,,,,,,
gel,PS,2023,Winter,-4.491688491,47.723101100139935,-122.5354037,0.917998816,0.011101714,0.7228802551347631,,,,,,,,,,,,,
gel,PS,2024,Winter,-3.918608997,47.723101100139935,-122.5354037,1.7570061899802636,0.019768713,2.3589397381010664,,,,,,,,,,,,,
large_crust,NWA,2014,Fall,-0.91922531,48.58214313529041,-122.8084777,1.3664109149664203,0.39872788954682775,1.6458006658172917,,,,,,,,,,,,,
large_crust,NWA,2014,Spring,0.40673356466740784,48.58214313529041,-122.8084777,-0.133531709,1.5018038920857901,-0.351178417,,,,,,,,,,,,,
large_crust,NWA,2014,Summer,-1.43855754,48.58214313529041,-122.8084777,-1.275399585,0.23716976420158958,-1.035938521,,,,,,,,,,,,,
large_crust,NWA,2015,Fall,-0.839343052,48.58214313529041,-122.8084777,1.4560358392835764,0.4318942281629097,1.8795713900375648,,,,,,,,,,,,,
large_crust,NWA,2015,Spring,0.7063279638549158,48.58214313529041,-122.8084777,0.2704785316689963,2.026436065472673,-0.038549565,,,,,,,,,,,,,
large_crust,NWA,2015,Summer,0.4451989461896332,48.58214313529041,-122.8084777,1.5788180502738203,1.560700680294914,2.202835805539055,,,,,,,,,,,,,
large_crust,NWA,2016,Fall,-2.016657423,48.58214313529041,-122.8084777,0.13513287620755582,0.13299961808467023,-0.227167321,,,,,,,,,,,,,
large_crust,NWA,2016,Spring,0.4947807193962085,48.58214313529041,-122.8084777,-0.014798007,1.6400385490506268,-0.268804243,,,,,,,,,,,,,
large_crust,NWA,2016,Summer,-0.139994618,48.58214313529041,-122.8084777,0.6921483546247688,0.8692629146551234,0.5108383944268925,,,,,,,,,,,,,
large_crust,NWA,2017,Fall,-2.487855719,48.58214313529041,-122.8084777,-0.393534097,0.08298794,-0.579671299,,,,,,,,,,,,,
large_crust,NWA,2017,Spring,0.15079539267869313,48.58214313529041,-122.8084777,-0.478670479,1.1626587247931979,-0.553275372,,,,,,,,,,,,,
large_crust,NWA,2017,Summer,-0.627759432,48.58214313529041,-122.8084777,-0.046899895,0.5336864471926802,-0.310341099,,,,,,,,,,,,,
large_crust,NWA,2018,Fall,-2.204343802,48.58214313529041,-122.8084777,-0.075444265,0.11022289517338962,-0.387707532,,,,,,,,,,,,,
large_crust,NWA,2018,Spring,0.6388739132586291,48.58214313529041,-122.8084777,0.17951512483105825,1.894246479316814,-0.117321475,,,,,,,,,,,,,
large_crust,NWA,2018,Summer,-0.298617214,48.58214313529041,-122.8084777,0.45180762335746194,0.7417433225245551,0.19878887894901848,,,,,,,,,,,,,
large_crust,NWA,2018,Winter,-2.640683883,48.58214313529041,-122.8084777,-1.723118559,0.071212483,-1.255460256,,,,,,,,,,,,,
large_crust,NWA,2019,Fall,-1.650462823,48.58214313529041,-122.8084777,0.5459896056192397,0.19186104406625362,0.18771351170169195,,,,,,,,,,,,,
large_crust,NWA,2019,Spring,0.45863206902970394,48.58214313529041,-122.8084777,-0.06354533,1.581808562543053,-0.303503552,,,,,,,,,,,,,
large_crust,NWA,2019,Summer,-0.14931043,48.58214313529041,-122.8084777,0.678033283,0.8612016990876779,0.4911120263452847,,,,,,,,,,,,,
large_crust,NWA,2019,Winter,-0.752861886,48.58214313529041,-122.8084777,1.1120949827631632,0.47091662622816577,1.3181483191632575,,,,,,,,,,,,,
large_crust,NWA,2020,Fall,-3.458005034,48.58214313529041,-122.8084777,-1.482005567,0.031392526,-0.943338129,,,,,,,,,,,,,
large_crust,NWA,2020,Spring,1.885622018459453,48.58214313529041,-122.8084777,1.8607848798019178,6.5903525504759255,2.6810929721465646,,,,,,,,,,,,,
large_crust,NWA,2020,Summer,-1.678837401,48.58214313529041,-122.8084777,-1.639465229,0.18649078030026447,-1.1599536,,,,,,,,,,,,,
large_crust,NWA,2020,Winter,-1.188797881,48.58214313529041,-122.8084777,0.4573872628886952,0.30448719427414084,0.24654518220795818,,,,,,,,,,,,,
large_crust,NWA,2021,Fall,-1.786180846,48.58214313529041,-122.8084777,0.3937190285778956,0.16749903545271283,0.015999519905006924,,,,,,,,,,,,,
large_crust,NWA,2021,Spring,0.8972997508783268,48.58214313529041,-122.8084777,0.5280085718076811,2.452870528858683,0.21556317167393202,,,,,,,,,,,,,
large_crust,NWA,2021,Summer,-0.82272248,48.58214313529041,-122.8084777,-0.342302711,0.4391342189620173,-0.541717129,,,,,,,,,,,,,
large_crust,NWA,2021,Winter,-1.694069166,48.58214313529041,-122.8084777,-0.301451225,0.1836702090610596,-0.53136927,,,,,,,,,,,,,
large_crust,NWA,2022,Fall,-3.344182609,48.58214313529041,-122.8084777,-1.354301037,0.035189048323469974,-0.916578594,,,,,,,,,,,,,
large_crust,NWA,2022,Spring,0.5538616004023293,48.58214313529041,-122.8084777,0.06487398,1.7398590881670297,-0.209321081,,,,,,,,,,,,,
large_crust,NWA,2022,Summer,-1.077781418,48.58214313529041,-122.8084777,-0.728761219,0.34024978242667675,-0.783694382,,,,,,,,,,,,,
large_crust,NWA,2022,Winter,-0.755160944,48.58214313529041,-122.8084777,1.1086421570131857,0.46983497554566567,1.3111838042283201,,,,,,,,,,,,,
large_crust,NWA,2023,Fall,-2.66475035,48.58214313529041,-122.8084777,-0.592003298,0.069516731,-0.674622213,,,,,,,,,,,,,
large_crust,NWA,2023,Spring,-1.135384957,48.58214313529041,-122.8084777,-2.213115563,0.32119841138396765,-1.05470244,,,,,,,,,,,,,
large_crust,NWA,2023,Summer,-0.179677883,48.58214313529041,-122.8084777,0.6320213281157868,0.835439309,0.4280696257548925,,,,,,,,,,,,,
large_crust,NWA,2023,Winter,-1.604212804,48.58214313529041,-122.8084777,-0.166501016,0.20094775662344663,-0.420122876,,,,,,,,,,,,,
large_crust,NWA,2024,Winter,-1.817652186,48.58214313529041,-122.8084777,-0.487053604,0.16230660411793563,-0.668924904,,,,,,,,,,,,,
large_crust,PS,2014,Fall,-0.797457484,47.723101100139935,-122.5354037,-2.063386105,0.45037284359181345,-1.796621023,,,,,,,,,,,,,
large_crust,PS,2014,Spring,-0.53823729,47.723101100139935,-122.5354037,-1.162732418,0.5836763743216286,-1.027695742,,,,,,,,,,,,,
large_crust,PS,2014,Summer,0.3789366004981729,47.723101100139935,-122.5354037,-1.086659271,1.4606304232265328,-1.062277523,,,,,,,,,,,,,
large_crust,PS,2015,Fall,-0.25676525,47.723101100139935,-122.5354037,0.23527771494542565,0.7734497832362576,0.1442757891341649,,,,,,,,,,,,,
large_crust,PS,2015,Spring,0.34823048988315397,47.723101100139935,-122.5354037,1.769680256492473,1.4164587145677596,2.0107729574746016,,,,,,,,,,,,,
large_crust,PS,2015,Summer,0.9430645832051209,47.723101100139935,-122.5354037,1.426118989,2.5677387279293864,1.5761770186097201,,,,,,,,,,,,,
large_crust,PS,2015,Winter,-0.45380534,47.723101100139935,-122.5354037,0.9287075884169723,0.6351063705124681,0.9333024990772789,,,,,,,,,,,,,
large_crust,PS,2016,Fall,-0.129256722,47.723101100139935,-122.5354037,0.7773591825557288,0.8786483424754684,0.7762600727176415,,,,,,,,,,,,,
large_crust,PS,2016,Spring,-0.060825806,47.723101100139935,-122.5354037,0.41653252431244675,0.9408871398935922,0.2756144724557281,,,,,,,,,,,,,
large_crust,PS,2016,Summer,0.7219861927877635,47.723101100139935,-122.5354037,0.4413761822708292,2.0584177660843044,0.3623660488061087,,,,,,,,,,,,,
large_crust,PS,2016,Winter,-0.420455484,47.723101100139935,-122.5354037,1.1344095613527228,0.6566476137907926,1.1774094909427033,,,,,,,,,,,,,
large_crust,PS,2017,Fall,-0.398209045,47.723101100139935,-122.5354037,-0.366047242,0.6714216346644174,-0.468662134,,,,,,,,,,,,,
large_crust,PS,2017,Spring,-0.552033104,47.723101100139935,-122.5354037,-1.208368614,0.5756780032819384,-1.056878397,,,,,,,,,,,,,
large_crust,PS,2017,Summer,0.8381391137341707,47.723101100139935,-122.5354037,0.9587526349764027,2.3119604894716668,0.9666076999774795,,,,,,,,,,,,,
large_crust,PS,2017,Winter,-0.738240836,47.723101100139935,-122.5354037,-0.825691066,0.4778539755993854,-0.848693488,,,,,,,,,,,,,
large_crust,PS,2018,Fall,-0.489656149,47.723101100139935,-122.5354037,-0.754819513,0.6127370828347394,-0.821211776,,,,,,,,,,,,,
large_crust,PS,2018,Spring,-0.150649426,47.723101100139935,-122.5354037,0.11939829294900316,0.8600491916091486,-0.019328832,,,,,,,,,,,,,
large_crust,PS,2018,Summer,0.4681997789819279,47.723101100139935,-122.5354037,-0.689056987,1.5970164411140315,-0.737243101,,,,,,,,,,,,,
large_crust,PS,2018,Winter,-0.569430474,47.723101100139935,-122.5354037,0.21553155510798053,0.5657476120337277,0.1473238221268037,,,,,,,,,,,,,
large_crust,PS,2019,Fall,-0.138802008,47.723101100139935,-122.5354037,0.7367789742300994,0.8703003436526623,0.7261091572151754,,,,,,,,,,,,,
large_crust,PS,2019,Spring,-0.145365397,47.723101100139935,-122.5354037,0.13687772617367655,0.8646062743802277,-0.002701975,,,,,,,,,,,,,
large_crust,PS,2019,Summer,0.831538733,47.723101100139935,-122.5354037,0.92935276,2.2967502627370284,0.9303587696432126,,,,,,,,,,,,,
large_crust,PS,2019,Winter,-0.697246343,47.723101100139935,-122.5354037,-0.572836956,0.4978546139153807,-0.622044748,,,,,,,,,,,,,
large_crust,PS,2020,Fall,-0.457420719,47.723101100139935,-122.5354037,-0.617775902,0.6328140051918667,-0.700598913,,,,,,,,,,,,,
large_crust,PS,2020,Spring,-0.105452214,47.723101100139935,-122.5354037,0.2689095102751838,0.8998174750083934,0.1257687262055259,,,,,,,,,,,,,
large_crust,PS,2020,Summer,0.7435045488084014,47.723101100139935,-122.5354037,0.5372247465195927,2.1031937088487744,0.4690758341523157,,,,,,,,,,,,,
large_crust,PS,2020,Winter,-0.603154758,47.723101100139935,-122.5354037,0.007520107,0.5469829961402076,-0.065318219,,,,,,,,,,,,,
large_crust,PS,2021,Fall,0.043758167642102275,47.723101100139935,-122.5354037,1.5129034387202938,1.0446296748959303,1.7733991420793236,,,,,,,,,,,,,
large_crust,PS,2021,Spring,-0.477976605,47.723101100139935,-122.5354037,-0.963391617,0.6199367025959678,-0.89539722,,,,,,,,,,,,,
large_crust,PS,2021,Summer,0.5576654455154644,47.723101100139935,-122.5354037,-0.290552767,1.746490226958427,-0.38101798,,,,,,,,,,,,,
large_crust,PS,2021,Winter,-0.522849493,47.723101100139935,-122.5354037,0.50284313,0.5927288774011846,0.4530775541873866,,,,,,,,,,,,,
large_crust,PS,2022,Fall,-0.225085613,47.723101100139935,-122.5354037,0.3699584632096295,0.7983478580455207,0.2938519058104372,,,,,,,,,,,,,
large_crust,PS,2022,Spring,0.18243698229605362,47.723101100139935,-122.5354037,1.2212395868199617,1.2000385185966542,1.2211476742015284,,,,,,,,,,,,,
large_crust,PS,2022,Summer,0.26285840514970016,47.723101100139935,-122.5354037,-1.603702875,1.3005425416267764,-1.443798099,,,,,,,,,,,,,
large_crust,PS,2022,Winter,-0.389282088,47.723101100139935,-122.5354037,1.3266871216682259,0.6774431161593785,1.4130656906307577,,,,,,,,,,,,,
large_crust,PS,2023,Fall,-0.272178462,47.723101100139935,-122.5354037,0.16975098846685283,0.7616183113647943,0.073197779,,,,,,,,,,,,,
large_crust,PS,2023,Spring,-0.367562699,47.723101100139935,-122.5354037,-0.598145248,0.6923199115312569,-0.631301665,,,,,,,,,,,,,
large_crust,PS,2023,Summer,0.4830627252209673,47.723101100139935,-122.5354037,-0.622853414,1.620931581387342,-0.680248667,,,,,,,,,,,,,
large_crust,PS,2023,Winter,-0.79029488,47.723101100139935,-122.5354037,-1.146760502,0.4536109851948953,-1.123416882,,,,,,,,,,,,,
large_crust,PS,2024,Winter,-0.858980015,47.723101100139935,-122.5354037,-1.57041054,0.4234939213000708,-1.464705719,,,,,,,,,,,,,
not_crust,NWA,2014,Fall,1.1742862126502913,48.58214313529041,-122.8084777,1.1697689379416223,3.2357324230764455,1.1669684402812937,,,,,,,,,,,,,
not_crust,NWA,2014,Spring,1.239778887,48.58214313529041,-122.8084777,1.0772486973973519,3.4547494695463334,1.0610495661248447,,,,,,,,,,,,,
not_crust,NWA,2014,Summer,1.2051907932679298,48.58214313529041,-122.8084777,0.2525386702026772,3.3372957699725467,0.13245096866684333,,,,,,,,,,,,,
not_crust,NWA,2015,Fall,1.3981943143422548,48.58214313529041,-122.8084777,1.5546543425259898,4.0477841574390805,1.8829077134498804,,,,,,,,,,,,,
not_crust,NWA,2015,Spring,1.5410596221795259,48.58214313529041,-122.8084777,1.6587965140738052,4.6694355939218815,2.108994520002265,,,,,,,,,,,,,
not_crust,NWA,2015,Summer,1.5062548196950618,48.58214313529041,-122.8084777,1.3916126946501348,4.509709078515188,1.4834483508274598,,,,,,,,,,,,,
not_crust,NWA,2016,Fall,-0.164819951,48.58214313529041,-122.8084777,-1.132079069,0.8479463799792931,-0.938205075,,,,,,,,,,,,,
not_crust,NWA,2016,Spring,1.1053082988817822,48.58214313529041,-122.8084777,0.8176865411390138,3.020055435834824,0.6860264140798822,,,,,,,,,,,,,
not_crust,NWA,2016,Summer,1.188992557421412,48.58214313529041,-122.8084777,0.19125273739426876,3.283671329351497,0.070658358,,,,,,,,,,,,,
not_crust,NWA,2017,Fall,0.5308801513753791,48.58214313529041,-122.8084777,0.063790189,1.7003282844726866,-0.186709012,,,,,,,,,,,,,
not_crust,NWA,2017,Spring,0.5251814988520284,48.58214313529041,-122.8084777,-0.302104521,1.6906656925645647,-0.460876679,,,,,,,,,,,,,
not_crust,NWA,2017,Summer,1.2773724353438918,48.58214313529041,-122.8084777,0.5256375007286554,3.5871017270513557,0.42030781198527073,,,,,,,,,,,,,
not_crust,NWA,2018,Fall,1.023218251090517,48.58214313529041,-122.8084777,0.9100916280751864,2.7820339776393315,0.7669686354426143,,,,,,,,,,,,,
not_crust,NWA,2018,Spring,0.5193348381057904,48.58214313529041,-122.8084777,-0.313390051,1.6808092010172588,-0.46938016,,,,,,,,,,,,,
not_crust,NWA,2018,Summer,0.7116703776816482,48.58214313529041,-122.8084777,-1.614693003,2.037291631412618,-1.365572105,,,,,,,,,,,,,
not_crust,NWA,2018,Winter,0.1569687940377915,48.58214313529041,-122.8084777,1.5903196267482045,1.1698591036316741,1.9823229409015397,,,,,,,,,,,,,
not_crust,NWA,2019,Fall,-0.055362729,48.58214313529041,-122.8084777,-0.943928275,0.9460418924966805,-0.851719908,,,,,,,,,,,,,
not_crust,NWA,2019,Spring,0.6990436033339543,48.58214313529041,-122.8084777,0.033493198,2.0117276817856187,-0.183887188,,,,,,,,,,,,,
not_crust,NWA,2019,Summer,1.0576184325167595,48.58214313529041,-122.8084777,-0.305800514,2.8794050810324547,-0.395186442,,,,,,,,,,,,,
not_crust,NWA,2019,Winter,-0.502393915,48.58214313529041,-122.8084777,0.1254206402564564,0.6049804132914958,-0.060122032,,,,,,,,,,,,,
not_crust,NWA,2020,Fall,0.063021184,48.58214313529041,-122.8084777,-0.740433001,1.0649494012593033,-0.746886002,,,,,,,,,,,,,
not_crust,NWA,2020,Spring,0.6752528211994204,48.58214313529041,-122.8084777,-0.012429013,1.964429587916902,-0.224692625,,,,,,,,,,,,,
not_crust,NWA,2020,Summer,1.0447370407312662,48.58214313529041,-122.8084777,-0.354537186,2.8425509239537132,-0.437654289,,,,,,,,,,,,,
not_crust,NWA,2020,Winter,-0.454590164,48.58214313529041,-122.8084777,0.23162571731544573,0.6346080411112539,0.047003268,,,,,,,,,,,,,
not_crust,NWA,2021,Fall,-0.08984665,48.58214313529041,-122.8084777,-1.003204191,0.9139713470604931,-0.879994662,,,,,,,,,,,,,
not_crust,NWA,2021,Spring,0.30248570554465964,48.58214313529041,-122.8084777,-0.731963577,1.3531183327638956,-0.752088578,,,,,,,,,,,,,
not_crust,NWA,2021,Summer,1.554342487923134,48.58214313529041,-122.8084777,1.5735521127363468,4.731874171901182,1.739454025093507,,,,,,,,,,,,,
not_crust,NWA,2021,Winter,-1.362134525,48.58214313529041,-122.8084777,-1.784655756,0.25601351238604697,-1.321889744,,,,,,,,,,,,,
not_crust,NWA,2022,Fall,0.8601351314692636,48.58214313529041,-122.8084777,0.6297609388236692,2.3633800526596773,0.3978655671579774,,,,,,,,,,,,,
not_crust,NWA,2022,Spring,0.5080767856268584,48.58214313529041,-122.8084777,-0.335120932,1.6619915607617477,-0.485614684,,,,,,,,,,,,,
not_crust,NWA,2022,Summer,0.9349644790444221,48.58214313529041,-122.8084777,-0.769861046,2.547022979889867,-0.778197574,,,,,,,,,,,,,
not_crust,NWA,2022,Winter,-0.601651615,48.58214313529041,-122.8084777,-0.095099115,0.5478059587759297,-0.266849033,,,,,,,,,,,,,
not_crust,NWA,2023,Fall,0.19799448880586898,48.58214313529041,-122.8084777,-0.508421499,1.218855675901764,-0.611195698,,,,,,,,,,,,,
not_crust,NWA,2023,Spring,-0.298603234,48.58214313529041,-122.8084777,-1.892216856,0.7417536933288903,-1.279530586,,,,,,,,,,,,,
not_crust,NWA,2023,Summer,0.9032898125198713,48.58214313529041,-122.8084777,-0.889701966,2.4676080688516917,-0.869709105,,,,,,,,,,,,,
not_crust,NWA,2023,Winter,-0.429895823,48.58214313529041,-122.8084777,0.2864888651482943,0.6504768660206053,0.10438054617652961,,,,,,,,,,,,,
not_crust,NWA,2024,Winter,-0.718229967,48.58214313529041,-122.8084777,-0.354099978,0.4875145863609756,-0.484845946,,,,,,,,,,,,,
not_crust,PS,2014,Fall,0.7751725108062549,47.723101100139935,-122.5354037,1.396990029346978,2.170866610081598,1.5419877292031678,,,,,,,,,,,,,
not_crust,PS,2014,Spring,1.441729564270192,47.723101100139935,-122.5354037,1.8525309253785462,4.227902098197106,2.0799718492860473,,,,,,,,,,,,,
not_crust,PS,2014,Summer,1.417561554096537,47.723101100139935,-122.5354037,0.24841661540166732,4.126944585567618,0.15542747453060907,,,,,,,,,,,,,
not_crust,PS,2015,Fall,0.5830655522228937,47.723101100139935,-122.5354037,0.7065196473802683,1.7914220256605264,0.6381564741105267,,,,,,,,,,,,,
not_crust,PS,2015,Spring,1.0866933450486929,47.723101100139935,-122.5354037,0.7238625225362789,2.9643554168741075,0.5815746484487595,,,,,,,,,,,,,
not_crust,PS,2015,Summer,1.4788044673307554,47.723101100139935,-122.5354037,0.5138610990064324,4.387596909,0.4490467159276676,,,,,,,,,,,,,
not_crust,PS,2015,Winter,0.19550456846558206,47.723101100139935,-122.5354037,0.548233169,1.2158243488180205,0.4321455478891797,,,,,,,,,,,,,
not_crust,PS,2016,Fall,0.19058143450691512,47.723101100139935,-122.5354037,-0.704145852,1.2098529015435633,-0.747132374,,,,,,,,,,,,,
not_crust,PS,2016,Spring,0.6945411375579003,47.723101100139935,-122.5354037,-0.522798471,2.002689858,-0.558831957,,,,,,,,,,,,,
not_crust,PS,2016,Summer,1.6979373208218833,47.723101100139935,-122.5354037,1.4636462098703433,5.462568031270297,1.6599785859273475,,,,,,,,,,,,,
not_crust,PS,2016,Winter,0.4664297983895175,47.723101100139935,-122.5354037,1.2530271752178177,1.594192076282264,1.415463135792438,,,,,,,,,,,,,
not_crust,PS,2017,Fall,0.588221196,47.723101100139935,-122.5354037,0.7250500514461398,1.8006823265579854,0.6602143706422583,,,,,,,,,,,,,
not_crust,PS,2017,Spring,0.4842242166944617,47.723101100139935,-122.5354037,-1.191400856,1.622815489607263,-1.0093121,,,,,,,,,,,,,
not_crust,PS,2017,Summer,1.4829440139915904,47.723101100139935,-122.5354037,0.5318030904584199,4.405797630473252,0.4695494375577024,,,,,,,,,,,,,
not_crust,PS,2017,Winter,-0.072105437,47.723101100139935,-122.5354037,-0.1479365,0.9303327888478474,-0.309801642,,,,,,,,,,,,,
not_crust,PS,2018,Fall,0.165033728,47.723101100139935,-122.5354037,-0.795969358,1.1793328984653273,-0.81983056,,,,,,,,,,,,,
not_crust,PS,2018,Spring,0.6316522901039956,47.723101100139935,-122.5354037,-0.72272358,1.8806155010530057,-0.703595801,,,,,,,,,,,,,
not_crust,PS,2018,Summer,1.1604848024381307,47.723101100139935,-122.5354037,-0.865828315,3.1913801384769447,-0.898465771,,,,,,,,,,,,,
not_crust,PS,2018,Winter,-0.112782694,47.723101100139935,-122.5354037,-0.253755686,0.893244768,-0.406187513,,,,,,,,,,,,,
not_crust,PS,2019,Fall,0.012372605,47.723101100139935,-122.5354037,-1.34466361,1.0123494626375509,-1.217582575,,,,,,,,,,,,,
not_crust,PS,2019,Spring,0.9419989453480786,47.723101100139935,-122.5354037,0.263875659,2.5650037992507055,0.10799709500988999,,,,,,,,,,,,,
not_crust,PS,2019,Summer,0.9425534077392738,47.723101100139935,-122.5354037,-1.810405956,2.5664264472028475,-1.602462676,,,,,,,,,,,,,
not_crust,PS,2019,Winter,0.513360953,47.723101100139935,-122.5354037,1.3751154581892548,1.6707975756796791,1.614548653451207,,,,,,,,,,,,,
not_crust,PS,2020,Fall,0.3222822082170002,47.723101100139935,-122.5354037,-0.230787239,1.3801742457327357,-0.341429511,,,,,,,,,,,,,
not_crust,PS,2020,Spring,0.6513459732347745,47.723101100139935,-122.5354037,-0.660116903,1.9180208316175877,-0.659238087,,,,,,,,,,,,,
not_crust,PS,2020,Summer,1.4383876860214289,47.723101100139935,-122.5354037,0.338683089,4.213796213152672,0.2532639667171926,,,,,,,,,,,,,
not_crust,PS,2020,Winter,-0.297203933,47.723101100139935,-122.5354037,-0.733515301,0.7427924963624161,-0.797189055,,,,,,,,,,,,,
not_crust,PS,2021,Fall,0.045872210288861334,47.723101100139935,-122.5354037,-1.224259408,1.0468406141695288,-1.135425175,,,,,,,,,,,,,
not_crust,PS,2021,Spring,0.5630444000801491,47.723101100139935,-122.5354037,-0.940829659,1.7559103689774593,-0.851479392,,,,,,,,,,,,,
not_crust,PS,2021,Summer,1.1783920982051526,47.723101100139935,-122.5354037,-0.78821292,3.249045693359128,-0.833506763,,,,,,,,,,,,,
not_crust,PS,2021,Winter,-0.752685305,47.723101100139935,-122.5354037,-1.918419864,0.4709998058102696,-1.503535061,,,,,,,,,,,,,
not_crust,PS,2022,Fall,0.7233826734639723,47.723101100139935,-122.5354037,1.2108471169016564,2.061294454518679,1.2809885136346044,,,,,,,,,,,,,
not_crust,PS,2022,Spring,1.2362741225169718,47.723101100139935,-122.5354037,1.1993832949555558,3.4426622282974644,1.1487824912391433,,,,,,,,,,,,,
not_crust,PS,2022,Summer,1.5969886796009891,47.723101100139935,-122.5354037,1.0261056272236155,4.938039691467805,1.0691086823268352,,,,,,,,,,,,,
not_crust,PS,2022,Winter,-0.097736973,47.723101100139935,-122.5354037,-0.214615242,0.9067874079904167,-0.370992345,,,,,,,,,,,,,
not_crust,PS,2023,Fall,0.4589485536549799,47.723101100139935,-122.5354037,0.26041862094315743,1.582309291514021,0.14005310745461313,,,,,,,,,,,,,
not_crust,PS,2023,Spring,0.8584328409463512,47.723101100139935,-122.5354037,-0.001782932,2.3593601454606445,-0.135868747,,,,,,,,,,,,,
not_crust,PS,2023,Summer,1.2084187949103549,47.723101100139935,-122.5354037,-0.65806854,3.3480862955468123,-0.721939653,,,,,,,,,,,,,
not_crust,PS,2023,Winter,-0.253069924,47.723101100139935,-122.5354037,-0.618703605,0.7763135899853374,-0.710073061,,,,,,,,,,,,,
not_crust,PS,2024,Winter,0.2579075544867913,47.723101100139935,-122.5354037,0.7105703957815355,1.2941191683385354,0.6356213400562303,,,,,,,,,,,,,
small_crust,NWA,2014,Fall,1.537404920038417,48.58214313529041,-122.8084777,-0.461593653,4.652400979370653,-0.502756428,,,,,,,,,,,,,
small_crust,NWA,2014,Spring,2.079385197022513,48.58214313529041,-122.8084777,0.2771818505039517,7.999449255440058,0.18347010487011617,,,,,,,,,,,,,
small_crust,NWA,2014,Summer,1.7388473757887113,48.58214313529041,-122.8084777,-0.949110272,5.690680309830989,-0.955251863,,,,,,,,,,,,,
small_crust,NWA,2015,Fall,2.295073979945532,48.58214313529041,-122.8084777,1.930556760726998,9.925070248680026,2.154406163270365,,,,,,,,,,,,,
small_crust,NWA,2015,Spring,2.3732712136836334,48.58214313529041,-122.8084777,1.6009497185308212,10.732343038127077,1.7992195394877222,,,,,,,,,,,,,
small_crust,NWA,2015,Summer,2.115666494488112,48.58214313529041,-122.8084777,0.43925135510768953,8.295012570928955,0.3444213749593404,,,,,,,,,,,,,
small_crust,NWA,2016,Fall,2.115217933558666,48.58214313529041,-122.8084777,1.3627063118015907,8.291292542,1.3310636049632472,,,,,,,,,,,,,
small_crust,NWA,2016,Spring,1.9459853388180366,48.58214313529041,-122.8084777,-0.323698885,7.000426348126811,-0.407175133,,,,,,,,,,,,,
small_crust,NWA,2016,Summer,1.9958132410915226,48.58214313529041,-122.8084777,-0.002338919,7.358084573395928,-0.123145787,,,,,,,,,,,,,
small_crust,NWA,2017,Fall,1.6208273596305731,48.58214313529041,-122.8084777,-0.198208181,5.057172769459191,-0.298771615,,,,,,,,,,,,,
small_crust,NWA,2017,Spring,2.0179385813990804,48.58214313529041,-122.8084777,4.0428794611222456e-4,7.522701296278563,-0.098394214,,,,,,,,,,,,,
small_crust,NWA,2017,Summer,1.9732628301820576,48.58214313529041,-122.8084777,-0.085424207,7.194011399295153,-0.205025322,,,,,,,,,,,,,
small_crust,NWA,2018,Fall,1.7481022217717104,48.58214313529041,-122.8084777,0.20363034002477573,5.743592072562187,0.047149512,,,,,,,,,,,,,
small_crust,NWA,2018,Spring,1.8534666805817903,48.58214313529041,-122.8084777,-0.740436055,6.3818052453990894,-0.772918106,,,,,,,,,,,,,
small_crust,NWA,2018,Summer,2.1996571234789237,48.58214313529041,-122.8084777,0.7487084939689898,9.021819564651878,0.7071291651004386,,,,,,,,,,,,,
small_crust,NWA,2018,Winter,1.0135387285746087,48.58214313529041,-122.8084777,0.41633483063951415,2.7552341631108472,0.3228294794622943,,,,,,,,,,,,,
small_crust,NWA,2019,Fall,1.7336840251181735,48.58214313529041,-122.8084777,0.158108493,5.661372543751681,0.005714966,,,,,,,,,,,,,
small_crust,NWA,2019,Spring,2.175425089847289,48.58214313529041,-122.8084777,0.709779922,8.805827637113198,0.6602194840557216,,,,,,,,,,,,,
small_crust,NWA,2019,Summer,2.3104638920720717,48.58214313529041,-122.8084777,1.1569676770149089,10.07899918489658,1.2347070326124578,,,,,,,,,,,,,
small_crust,NWA,2019,Winter,1.3201802451392868,48.58214313529041,-122.8084777,1.4087328115467168,3.743996171580787,1.6733164627614785,,,,,,,,,,,,,
small_crust,NWA,2020,Fall,1.216493263417356,48.58214313529041,-122.8084777,-1.474791886,3.3752305606255515,-1.146386682,,,,,,,,,,,,,
small_crust,NWA,2020,Spring,2.2517491262975176,48.58214313529041,-122.8084777,1.0535707164097747,9.504245606672105,1.0731401934482596,,,,,,,,,,,,,
small_crust,NWA,2020,Summer,1.514279252980481,48.58214313529041,-122.8084777,-1.776514586,4.546043326502244,-1.526474697,,,,,,,,,,,,,
small_crust,NWA,2020,Winter,0.9602240630681316,48.58214313529041,-122.8084777,0.24379013742863603,2.612181724,0.12744327359839383,,,,,,,,,,,,,
small_crust,NWA,2021,Fall,1.4599222876811828,48.58214313529041,-122.8084777,-0.706225671,4.305524915247474,-0.677564681,,,,,,,,,,,,,
small_crust,NWA,2021,Spring,1.7611708174408447,48.58214313529041,-122.8084777,-1.156169677,5.819146682916794,-1.105574742,,,,,,,,,,,,,
small_crust,NWA,2021,Summer,1.9617864831209335,48.58214313529041,-122.8084777,-0.127707943,7.111921228706838,-0.24599183,,,,,,,,,,,,,
small_crust,NWA,2021,Winter,0.3581763925934673,48.58214313529041,-122.8084777,-1.704644306,1.4306179662758707,-1.486379325,,,,,,,,,,,,,
small_crust,NWA,2022,Fall,1.486754351579209,48.58214313529041,-122.8084777,-0.621510145,4.422617612376165,-0.618555796,,,,,,,,,,,,,
small_crust,NWA,2022,Spring,2.067487029013067,48.58214313529041,-122.8084777,0.22358824071525793,7.9048332690513075,0.1275309653829236,,,,,,,,,,,,,
small_crust,NWA,2022,Summer,1.7649450120341699,48.58214313529041,-122.8084777,-0.852955499,5.841151150736124,-0.880160475,,,,,,,,,,,,,
small_crust,NWA,2022,Winter,0.9887852250302493,48.58214313529041,-122.8084777,0.3362239336774582,2.687867212968765,0.2308172576211342,,,,,,,,,,,,,
small_crust,NWA,2023,Fall,1.622580724543515,48.58214313529041,-122.8084777,-0.19267237,5.066047792391545,-0.294299045,,,,,,,,,,,,,
small_crust,NWA,2023,Spring,1.652609191480422,48.58214313529041,-122.8084777,-1.645170119,5.220483574,-1.459518092,,,,,,,,,,,,,
small_crust,NWA,2023,Summer,2.389758831285831,48.58214313529041,-122.8084777,1.4491239009902646,10.910762267092347,1.6497924020017156,,,,,,,,,,,,,
small_crust,NWA,2023,Winter,0.619347713,48.58214313529041,-122.8084777,-0.859403601,1.8576158834796206,-0.903170096,,,,,,,,,,,,,
small_crust,NWA,2024,Winter,0.9340142730063696,48.58214313529041,-122.8084777,0.15896619372821422,2.544603837778453,0.035142948,,,,,,,,,,,,,
small_crust,PS,2014,Fall,1.9540559145654728,47.723101100139935,-122.5354037,-0.771326221,7.0571532276758235,-0.784197161,,,,,,,,,,,,,
small_crust,PS,2014,Spring,1.7530551893071988,47.723101100139935,-122.5354037,0.13310931669083295,5.772110961194379,0.020379678014283985,,,,,,,,,,,,,
small_crust,PS,2014,Summer,2.2895067202154893,47.723101100139935,-122.5354037,-0.844010979,9.869967775253576,-0.738338821,,,,,,,,,,,,,
small_crust,PS,2015,Fall,2.218575162206655,47.723101100139935,-122.5354037,1.5339829247860728,9.194121254641376,1.6134965519117963,,,,,,,,,,,,,
small_crust,PS,2015,Spring,1.998078754865224,47.723101100139935,-122.5354037,1.0694341912743563,7.3747735392993725,1.1383022331240589,,,,,,,,,,,,,
small_crust,PS,2015,Summer,2.5125824569112867,47.723101100139935,-122.5354037,0.11725281167879587,12.336648078835657,0.001889416,,,,,,,,,,,,,
small_crust,PS,2015,Winter,1.7782010465286824,47.723101100139935,-122.5354037,1.6898011620057962,5.919098472251589,1.8666997378148589,,,,,,,,,,,,,
small_crust,PS,2016,Fall,2.030972641883862,47.723101100139935,-122.5354037,-0.100989992,7.621395740833399,-0.151112946,,,,,,,,,,,,,
small_crust,PS,2016,Spring,1.9845040832620842,47.723101100139935,-122.5354037,1.0175603943300686,7.275338478951417,1.068942220448703,,,,,,,,,,,,,
small_crust,PS,2016,Summer,2.3419593686143254,47.723101100139935,-122.5354037,-0.61798536,10.401497172286504,-0.578831702,,,,,,,,,,,,,
small_crust,PS,2016,Winter,1.543167560218139,47.723101100139935,-122.5354037,0.8816005782458232,4.679289067229988,0.7915728198162884,,,,,,,,,,,,,
small_crust,PS,2017,Fall,2.0827942091818348,47.723101100139935,-122.5354037,0.35063964946346965,8.026766351822657,0.3037158362271906,,,,,,,,,,,,,
small_crust,PS,2017,Spring,2.0599186779060776,47.723101100139935,-122.5354037,1.305747208977831,7.845231785567728,1.4664660599494512,,,,,,,,,,,,,
small_crust,PS,2017,Summer,3.0395588488100245,47.723101100139935,-122.5354037,2.3880659975418297,20.895922896094163,2.5704496352597146,,,,,,,,,,,,,
small_crust,PS,2017,Winter,1.1096269728191792,47.723101100139935,-122.5354037,-0.609198717,3.0331267073663404,-0.635931648,,,,,,,,,,,,,
small_crust,PS,2018,Fall,2.116433941,47.723101100139935,-122.5354037,0.6438129510344421,8.301381068569931,0.6118355514656906,,,,,,,,,,,,,
small_crust,PS,2018,Spring,1.6112051832922203,47.723101100139935,-122.5354037,-0.408951561,5.008744167008032,-0.512099815,,,,,,,,,,,,,
small_crust,PS,2018,Summer,2.550058184712722,47.723101100139935,-122.5354037,0.27874083685330064,12.807748981996822,0.14326249515405637,,,,,,,,,,,,,
small_crust,PS,2018,Winter,0.9875038856408224,47.723101100139935,-122.5354037,-1.029138667,2.684425220352589,-0.938315509,,,,,,,,,,,,,
small_crust,PS,2019,Fall,2.174707605447873,47.723101100139935,-122.5354037,1.1516732035849808,8.799511787,1.1707418514228611,,,,,,,,,,,,,
small_crust,PS,2019,Spring,1.7760878944735432,47.723101100139935,-122.5354037,0.2211257273861932,5.9066035123598555,0.11419372127966053,,,,,,,,,,,,,
small_crust,PS,2019,Summer,2.595038751593161,47.723101100139935,-122.5354037,0.47256823775767165,13.397006510569886,0.32009329908498324,,,,,,,,,,,,,
small_crust,PS,2019,Winter,1.4291183391643683,47.723101100139935,-122.5354037,0.48942392086841535,4.17491662,0.3541955968515174,,,,,,,,,,,,,
small_crust,PS,2020,Fall,1.8996134455072813,47.723101100139935,-122.5354037,-1.245797259,6.683210479198208,-1.203763653,,,,,,,,,,,,,
small_crust,PS,2020,Spring,1.304759931912063,47.723101100139935,-122.5354037,-1.579991216,3.686703903492597,-1.434276853,,,,,,,,,,,,,
small_crust,PS,2020,Summer,2.2852656307960815,47.723101100139935,-122.5354037,-0.862286413,9.828196575550628,-0.750873976,,,,,,,,,,,,,
small_crust,PS,2020,Winter,1.196794616462628,47.723101100139935,-122.5354037,-0.309458703,3.309391713,-0.396362612,,,,,,,,,,,,,
small_crust,PS,2021,Fall,1.951961569656176,47.723101100139935,-122.5354037,-0.789578627,7.042388372051829,-0.800763437,,,,,,,,,,,,,
small_crust,PS,2021,Spring,1.3161241155898007,47.723101100139935,-122.5354037,-1.536564504,3.7288403901483838,-1.404884934,,,,,,,,,,,,,
small_crust,PS,2021,Summer,2.256321586,47.723101100139935,-122.5354037,-0.987010252,9.547803349027845,-0.835017423,,,,,,,,,,,,,
small_crust,PS,2021,Winter,0.9900977849372586,47.723101100139935,-122.5354037,-1.020219125,2.6913976474103576,-0.932269221,,,,,,,,,,,,,
small_crust,PS,2022,Fall,1.8923268141322238,47.723101100139935,-122.5354037,-1.30930091,6.634688654385415,-1.258205494,,,,,,,,,,,,,
small_crust,PS,2022,Spring,1.6871970942694137,47.723101100139935,-122.5354037,-0.118558609,5.404211680210439,-0.236245085,,,,,,,,,,,,,
small_crust,PS,2022,Summer,2.424277605,47.723101100139935,-122.5354037,-0.263264846,11.293967693068904,-0.311009448,,,,,,,,,,,,,
small_crust,PS,2022,Winter,0.9996047700262971,47.723101100139935,-122.5354037,-0.987527822,2.7171076942824595,-0.909974211,,,,,,,,,,,,,
small_crust,PS,2023,Fall,2.104164570580555,47.723101100139935,-122.5354037,0.5368842801648527,8.200149417538013,0.4982529006211507,,,,,,,,,,,,,
small_crust,PS,2023,Spring,1.6912918756976238,47.723101100139935,-122.5354037,-0.102910948,5.426386524897697,-0.220777226,,,,,,,,,,,,,
small_crust,PS,2023,Summer,2.5591526122157657,47.723101100139935,-122.5354037,0.31792996602354184,12.92476031,0.17837652479354954,,,,,,,,,,,,,
small_crust,PS,2023,Winter,1.1929907463269878,47.723101100139935,-122.5354037,-0.322538925,3.296826748850428,-0.407258586,,,,,,,,,,,,,
small_crust,PS,2024,Winter,1.6407798803699607,47.723101100139935,-122.5354037,1.2172562984891593,5.159091495870284,1.2076436322031994,,,,,,,,,,,,,
total,NWA,2014,Fall,2.263909054,48.58214313529041,-122.8084777,0.6123813514283774,9.6205232977980355,0.4581464216921505,,,,,,,,,,,,,
total,NWA,2014,Spring,2.629694996308637,48.58214313529041,-122.8084777,0.113545018,13.869438996350377,-0.02243694,,,,,,,,,,,,,
total,NWA,2014,Summer,2.3672346224141902,48.58214313529041,-122.8084777,-0.736669582,10.667750820738355,-0.807390895,,,,,,,,,,,,,
total,NWA,2015,Fall,2.7149581307728243,48.58214313529041,-122.8084777,2.0394262939178187,15.10387766678415,2.3738837468500393,,,,,,,,,,,,,
total,NWA,2015,Spring,2.9944448484446013,48.58214313529041,-122.8084777,1.285668948,19.974168065335753,1.4245107272233821,,,,,,,,,,,,,
total,NWA,2015,Summer,2.7280116931594747,48.58214313529041,-122.8084777,1.0030224455576155,15.302330823925617,1.0697304573988644,,,,,,,,,,,,,
total,NWA,2016,Fall,2.2664056565790696,48.58214313529041,-122.8084777,0.6202801891142803,9.644572174156579,0.46654845573334774,,,,,,,,,,,,,
total,NWA,2016,Spring,2.5187125383737503,48.58214313529041,-122.8084777,-0.243097196,12.41250561844238,-0.367760431,,,,,,,,,,,,,
total,NWA,2016,Summer,2.544172878987576,48.58214313529041,-122.8084777,0.11653894840142465,12.732592252154891,0.028921767182132522,,,,,,,,,,,,,
total,NWA,2017,Fall,1.9585858383249029,48.58214313529041,-122.8084777,-0.353610986,7.089194564363133,-0.426232119,,,,,,,,,,,,,
total,NWA,2017,Spring,2.4597238465343407,48.58214313529041,-122.8084777,-0.432657403,11.701479661976895,-0.53628836,,,,,,,,,,,,,
total,NWA,2017,Summer,2.489615746754968,48.58214313529041,-122.8084777,-0.146539323,12.056542426269239,-0.244895399,,,,,,,,,,,,,
total,NWA,2018,Fall,2.194830169751409,48.58214313529041,-122.8084777,0.3938271447665299,8.978376110502214,0.2337973732509821,,,,,,,,,,,,,
total,NWA,2018,Spring,2.560477220694276,48.58214313529041,-122.8084777,-0.108886358,12.94189202849664,-0.242284849,,,,,,,,,,,,,
total,NWA,2018,Summer,2.5458651844324423,48.58214313529041,-122.8084777,0.12469936248905357,12.75415809943454,0.037656477205603035,,,,,,,,,,,,,
total,NWA,2018,Winter,1.7882220485627405,48.58214313529041,-122.8084777,1.1690424544009894,5.978712971817156,1.3247205790214376,,,,,,,,,,,,,
total,NWA,2019,Fall,2.011036427020211,48.58214313529041,-122.8084777,-0.187665967,7.470956540940283,-0.292854698,,,,,,,,,,,,,
total,NWA,2019,Spring,2.7508972604741997,48.58214313529041,-122.8084777,0.503028587,15.656573698130567,0.40115112730325647,,,,,,,,,,,,,
total,NWA,2019,Summer,2.718090802026049,48.58214313529041,-122.8084777,0.9551832212540813,15.151267653298811,1.0085460775995874,,,,,,,,,,,,,
total,NWA,2019,Winter,1.6075139561584975,48.58214313529041,-122.8084777,0.668546116,4.990289466709439,0.6150271014786811,,,,,,,,,,,,,
total,NWA,2020,Fall,1.5762523767291368,48.58214313529041,-122.8084777,-1.563251048,4.836695316,-1.213195097,,,,,,,,,,,,,
total,NWA,2020,Spring,3.0711064493398004,48.58214313529041,-122.8084777,1.5320210615777996,21.565650889983104,1.8017252333107403,,,,,,,,,,,,,
total,NWA,2020,Summer,2.128875828,48.58214313529041,-122.8084777,-1.886052199,8.405312371675743,-1.723735314,,,,,,,,,,,,,
total,NWA,2020,Winter,1.2787609888684586,48.58214313529041,-122.8084777,-0.241981212,3.5920862084615264,-0.388890478,,,,,,,,,,,,,
total,NWA,2021,Fall,1.753834886312895,48.58214313529041,-122.8084777,-1.001409254,5.7766132917958215,-0.884812902,,,,,,,,,,,,,
total,NWA,2021,Spring,2.435669143392136,48.58214313529041,-122.8084777,-0.50995721,11.423360089327806,-0.602208479,,,,,,,,,,,,,
total,NWA,2021,Summer,2.6482545028439994,48.58214313529041,-122.8084777,0.6184277487701183,14.129254360616057,0.5946050144009871,,,,,,,,,,,,,
total,NWA,2021,Winter,0.7597392004080542,48.58214313529041,-122.8084777,-1.679484654,2.1376186316436785,-1.433206145,,,,,,,,,,,,,
total,NWA,2022,Fall,2.071883875467697,48.58214313529041,-122.8084777,0.004845332,7.939666569,-0.129099953,,,,,,,,,,,,,
total,NWA,2022,Spring,2.5668785340111224,48.58214313529041,-122.8084777,-0.088315732,13.025003501902518,-0.222585703,,,,,,,,,,,,,
total,NWA,2022,Summer,2.280916607,48.58214313529041,-122.8084777,-1.152901034,9.785545888,-1.16470606,,,,,,,,,,,,,
total,NWA,2022,Winter,1.7121490250931806,48.58214313529041,-122.8084777,0.9583475751004553,5.540756130955124,1.010265174228992,,,,,,,,,,,,,
total,NWA,2023,Fall,1.8918275978935863,48.58214313529041,-122.8084777,-0.564823056,6.631377286762233,-0.586181229,,,,,,,,,,,,,
total,NWA,2023,Spring,1.9560076726636735,48.58214313529041,-122.8084777,-2.051349715,7.070940729371241,-1.633822326,,,,,,,,,,,,,
total,NWA,2023,Summer,2.749012628595004,48.58214313529041,-122.8084777,1.1042904110430307,15.627094419276725,1.2012678737028688,,,,,,,,,,,,,
total,NWA,2023,Winter,1.1878656540159458,48.58214313529041,-122.8084777,-0.493728556,3.279972920523818,-0.612989524,,,,,,,,,,,,,
total,NWA,2024,Winter,1.228660427758073,48.58214313529041,-122.8084777,-0.380741724,3.4165496204185555,-0.514926707,,,,,,,,,,,,,
total,PS,2014,Fall,2.4529146492505367,47.723101100139935,-122.5354037,0.2981785182859006,11.622071955707664,0.2617472775369469,,,,,,,,,,,,,
total,PS,2014,Spring,2.474815765,47.723101100139935,-122.5354037,0.852777222,11.879418286736588,0.8851013611945624,,,,,,,,,,,,,
total,PS,2014,Summer,2.8916478727915282,47.723101100139935,-122.5354037,-0.65277444,18.02288473057591,-0.608362362,,,,,,,,,,,,,
total,PS,2015,Fall,2.5662358525604976,47.723101100139935,-122.5354037,1.6189255722216682,13.016635198853985,1.6880272475963007,,,,,,,,,,,,,
total,PS,2015,Spring,2.5660564154072674,47.723101100139935,-122.5354037,1.2837535893183045,13.014299722487433,1.452749785629385,,,,,,,,,,,,,
total,PS,2015,Summer,3.0812178003436874,47.723101100139935,-122.5354037,0.526235565,21.784815926929962,0.40937843592410994,,,,,,,,,,,,,
total,PS,2015,Winter,2.180881806,47.723101100139935,-122.5354037,1.5463185734989118,8.854010421,1.683709974725364,,,,,,,,,,,,,
total,PS,2016,Fall,2.3596282049465134,47.723101100139935,-122.5354037,-0.789065465,10.58691452098322,-0.796952873,,,,,,,,,,,,,
total,PS,2016,Spring,2.409299399735564,47.723101100139935,-122.5354037,0.5433098426370482,11.126063420805645,0.5082860488504347,,,,,,,,,,,,,
total,PS,2016,Summer,3.000445222926867,47.723101100139935,-122.5354037,0.023879109290178634,20.094381455732037,-0.047946283,,,,,,,,,,,,,
total,PS,2016,Winter,2.072102742983039,47.723101100139935,-122.5354037,1.1001174643755764,7.941404516252653,1.095877586218061,,,,,,,,,,,,,
total,PS,2017,Fall,2.5249781220111482,47.723101100139935,-122.5354037,1.1380709352824296,12.490521990928823,1.1499485809347856,,,,,,,,,,,,,
total,PS,2017,Spring,2.4144173882900564,47.723101100139935,-122.5354037,0.5674847263226154,11.183152965049764,0.5368412695290037,,,,,,,,,,,,,
total,PS,2017,Summer,3.3997168791095205,47.723101100139935,-122.5354037,2.5071067140452556,29.955517785518605,2.6198539069225233,,,,,,,,,,,,,
total,PS,2017,Winter,1.5793026934149814,47.723101100139935,-122.5354037,-0.921300294,4.851471598634277,-0.894425828,,,,,,,,,,,,,
total,PS,2018,Fall,2.4088332883615053,47.723101100139935,-122.5354037,-0.215585242,11.120878597931899,-0.250844784,,,,,,,,,,,,,
total,PS,2018,Spring,2.161934718217161,47.723101100139935,-122.5354037,-0.62512036,8.687830106,-0.711276855,,,,,,,,,,,,,
total,PS,2018,Summer,2.9756643428253717,47.723101100139935,-122.5354037,-0.130242939,19.602541799164786,-0.181007006,,,,,,,,,,,,,
total,PS,2018,Winter,1.675916598,47.723101100139935,-122.5354037,-0.524999478,5.343590919327531,-0.577439411,,,,,,,,,,,,,
total,PS,2019,Fall,2.4553600278301655,47.723101100139935,-122.5354037,0.326679156,11.650527343975412,0.2908498302723716,,,,,,,,,,,,,
total,PS,2019,Spring,2.352242964281865,47.723101100139935,-122.5354037,0.27380304794217836,10.509014878693735,0.19964884526635193,,,,,,,,,,,,,
total,PS,2019,Summer,2.999376712434432,47.723101100139935,-122.5354037,0.017233621914106635,20.072921758454136,-0.053751921,,,,,,,,,,,,,
total,PS,2019,Winter,1.9825979934945428,47.723101100139935,-122.5354037,0.7329777082104753,7.261484048201289,0.6579237325686554,,,,,,,,,,,,,
total,PS,2020,Fall,2.2968401162715644,47.723101100139935,-122.5354037,-1.520854228,9.942614940996982,-1.455905839,,,,,,,,,,,,,
total,PS,2020,Spring,1.9667376881014185,47.723101100139935,-122.5354037,-1.547136001,7.147221621261385,-1.481863061,,,,,,,,,,,,,
total,PS,2020,Summer,2.8819800042168655,47.723101100139935,-122.5354037,-0.71290272,17.849480458373705,-0.655274598,,,,,,,,,,,,,
total,PS,2020,Winter,1.6796864519775632,47.723101100139935,-122.5354037,-0.509535903,5.363773875380633,-0.564439062,,,,,,,,,,,,,
total,PS,2021,Fall,2.3313165339746647,47.723101100139935,-122.5354037,-1.119035099,10.291381703352712,-1.09920703,,,,,,,,,,,,,
total,PS,2021,Spring,1.9362075573644475,47.723101100139935,-122.5354037,-1.69134546,6.932310286104237,-1.589358061,,,,,,,,,,,,,
total,PS,2021,Summer,2.805804144516599,47.723101100139935,-122.5354037,-1.186670379,16.540271408564188,-1.009463815,,,,,,,,,,,,,
total,PS,2021,Winter,1.4560469551684807,47.723101100139935,-122.5354037,-1.426883315,4.288871476673945,-1.256810699,,,,,,,,,,,,,
total,PS,2022,Fall,2.3908510799722267,47.723101100139935,-122.5354037,-0.425166045,10.922686152809838,-0.453544744,,,,,,,,,,,,,
total,PS,2022,Spring,2.402143540940914,47.723101100139935,-122.5354037,0.5095090530907007,11.046730353084556,0.4686049954127573,,,,,,,,,,,,,
total,PS,2022,Summer,2.9629711489199133,47.723101100139935,-122.5354037,-0.209186909,19.35529416646536,-0.247896588,,,,,,,,,,,,,
total,PS,2022,Winter,1.6935261758099287,47.723101100139935,-122.5354037,-0.452766705,5.438524479216558,-0.51629032,,,,,,,,,,,,,
total,PS,2023,Fall,2.486348951490101,47.723101100139935,-122.5354037,0.6878518970843853,12.017220107833221,0.6658823336933894,,,,,,,,,,,,,
total,PS,2023,Spring,2.2589143885244503,47.723101100139935,-122.5354037,-0.16703566,9.572591300236537,-0.268734329,,,,,,,,,,,,,
total,PS,2023,Summer,2.9672335074052123,47.723101100139935,-122.5354037,-0.182677623,19.43796986659418,-0.225529769,,,,,,,,,,,,,
total,PS,2023,Winter,1.6760607749171113,47.723101100139935,-122.5354037,-0.524408077,5.3443614138393505,-0.576943116,,,,,,,,,,,,,
total,PS,2024,Winter,2.042936413625946,47.723101100139935,-122.5354037,0.9804800249146629,7.713125197234699,0.9488371422689273,,,,,,,,,,,,,